,Year,Month,Event
0,2008,January,Cyprus and Malta adopt the euro.
1,2008,January,"At 19:04:39 UTC, the MESSENGER space probe is at its closest approach during its first flyby of the planet Mercury."
2,2008,January,"Stock markets around the world plunge amid growing fears of a U.S. recession, fueled by the 2007 subprime mortgage crisis."
3,2008,January,"A peace deal is signed in Goma, Democratic Republic of the Congo, ending the Kivu conflict."
4,2008,February,Iran opens its first space center and launches a rocket into space.
5,2008,February,"U.S. stock market indices plunge more than 3% after a report shows signs of economic recession in the service sector. The S&P 500 fall 3.2%, while the Dow Jones Industrial Average drops 370 points."
6,2008,February,Australian Prime Minister Kevin Rudd delivers a formal apology to the Stolen Generations.
7,2008,February,"Kosovo formally declares independence from Serbia, with a mixed response from the international community."
8,2008,March,"Venezuela and Ecuador move troops to the Colombian border, following a Colombian raid against FARC guerrillas inside Ecuadorian territory, in which senior commander Raúl Reyes is killed."
9,2008,March,"The first European Space Agency Automated Transfer Vehicle, a cargo spacecraft for the International Space Station, launches from Guiana Space Centre in French Guiana."
10,2008,March,Bhutan holds its first-ever general elections following the adoption of a new Constitution which changed the country from an absolute monarchy to a multiparty democracy.
11,2008,March,"African Union and Comoros forces invade the rebel-held island of Anjouan, returning the island to Comorian control."
12,2008,April,Rising food and fuel prices trigger riots and unrest in the Third World.
13,2008,April,"Surgeons at London's Moorfields Eye Hospital perform the first operations using bionic eyes, implanting them into two blind patients."
14,2008,May,"Cyclone Nargis passes through Myanmar, killing over 100,000 people."
15,2008,May,"An earthquake measuring 7.9 on the moment magnitude scale strikes Sichuan, China, killing an estimated 87,000 people."
16,2008,May,NASA's Phoenix spacecraft becomes the first to land on the northern polar region of Mars.
17,2008,May,"The Legislature Parliament of Nepal votes overwhelmingly in favor of abolishing the country's 240-year-old monarchy, turning the country into a republic."
18,2008,May,The Convention on Cluster Munitions is adopted in Dublin.
19,2008,June,"Expo 2008 opens in Zaragoza, Spain, lasting to September 14, with the topic ""Water and sustainable development""."
20,2008,July,Íngrid Betancourt and 14 other hostages are rescued from FARC rebels by Colombian security forces.
21,2008,July,"Radovan Karadžić, the first president of the Republika Srpska, is arrested in Belgrade, Serbia, on allegations of war crimes, following a 12-year-long manhunt."
22,2008,August,"Eleven mountaineers from international expeditions died on K2, the second-highest mountain on Earth in the worst single accident in the history of K2 mountaineering."
23,2008,August,President Sidi Ould Cheikh Abdallahi of Mauritania is deposed in a military coup d'état.
24,2008,August,"Georgia invades the breakaway state of South Ossetia, sparking a war with Russia as the latter intervenes in support of the separatists in both South Ossetia and Abkhazia."
25,2008,September,"The proton beam is circulated for the first time in the Large Hadron Collider, the world's largest and highest-energy particle accelerator, located at CERN, near Geneva, under the Franco-Swiss border."
26,2008,September,"A suicide truck bomb explosion destroys the Marriott Hotel in Islamabad, Pakistan, killing at least 60 and injuring 266."
27,2008,September,SpaceX Falcon 1 becomes the world's first privately developed space launch vehicle to successfully make orbit.
28,2008,September,"Following the bankruptcies of Lehman Brothers and Washington Mutual, The Dow Jones Industrial Average falls 777.68 points, hitherto the largest single-day point loss in its history."
29,2008,October,"Global financial crisis: U.S. President George W. Bush signs the revised Emergency Economic Stabilization Act into law, creating a 700 billion dollar Treasury fund to purchase failing bank assets."
30,2008,October,"The Large Hadron Collider (LHC) is officially inaugurated. It is a collaboration of over 10,000 scientists and engineers from over 100 countries as well as hundreds of universities and laboratories."
31,2008,October,The Indian Space Research Organisation successfully launches the Chandrayaan-1 spacecraft on a lunar exploration mission.
32,2008,November,"Nick Szabo – as Satoshi Nakamoto – published ""Bitcoin: A Peer-to-Peer Electronic Cash System""."
33,2008,November,"Democratic U.S. Senator Barack Obama is elected the 44th President of the United States, becoming the first black President."
34,2008,November,Claudia Castillo of Spain becomes the first person to have a successful trachea transplant using a tissue-engineered organ.
35,2008,December,"Human remains found in 1991 are identified as Tsar Nicholas II of Russia, using DNA analysis."
36,2008,December,"The Channel Island of Sark, a British Crown dependency, holds its first fully democratic elections under a new constitutional arrangement, becoming the last European territory to abolish feudalism."
37,2008,December,"The International Criminal Tribunal for Rwanda finds Théoneste Bagosora and two other senior Rwandan army officers guilty of genocide, crimes against humanity and war crimes and sentences them to life imprisonment for their role in the Rwandan genocide."
38,2008,December,A military coup d'état deposes the government of Guinea shortly after the death of longtime President Lansana Conté.
39,2008,December,Israel invades the Gaza Strip in response to rockets being fired into Israeli territory by Hamas and due to weapons being smuggled into the area.
40,2008,December,An extra leap second (23:59:60) is added to end the year. The last time this occurred was in 2005.
41,2009,January,"The first block of the blockchain of the decentralized payment system Bitcoin, called the Genesis block, was established by the creator of the system, Satoshi Nakamoto."
42,2009,January,"Gaza War: Hamas announces they will accept Israel Defense Forces offer of a ceasefire, ending the conflict."
43,2009,January,"Israel withdraws from the Gaza Strip, officially ending a three-week war it had with Hamas. However, intermittent air strikes by both sides continue in the weeks to follow."
44,2009,February,Former Serbian president Milan Milutinović is acquitted by the International Criminal Tribunal for the former Yugoslavia regarding war crimes during the Kosovo War.
45,2009,March,"The President of Guinea-Bissau, João Bernardo Vieira, is assassinated during an armed attack on his residence in Bissau."
46,2009,March,The International Criminal Court issues an arrest warrant for Sudanese President Omar al-Bashir for war crimes and crimes against humanity in Darfur. al-Bashir is the first sitting head of state to be indicted by the ICC since its establishment in 2002.
47,2009,March,"NASA's Kepler Mission, a space photometer that will search for extrasolar planets in the Milky Way galaxy, is launched from Cape Canaveral Air Force Station, Florida, USA."
48,2009,March,"The President of Madagascar, Marc Ravalomanana, is overthrown in a coup d'état, following a month of unrest in Antananarivo."
49,2009,April,"Albania and Croatia are admitted to NATO, becoming the newest members of the organization."
50,2009,April,"North Korea launches a rocket from its Tonghae Satellite Launching Ground, which it says is carrying the Kwangmyŏngsŏng-2 satellite, prompting an emergency meeting of the United Nations Security Council."
51,2009,April,"A 6.3 magnitude earthquake strikes near L'Aquila, Italy, killing nearly 300 and injuring more than 1,500."
52,2009,April,UNESCO launches The World Digital Library.
53,2009,May,"Following more than a quarter-century of fighting, the Sri Lankan Civil War ends with the total military defeat of the Liberation Tigers of Tamil Eelam."
54,2009,May,North Korea announces that it has conducted a second successful nuclear test in North Hamgyong Province. The United Nations Security Council condemns the reported test.
55,2009,June,"Air France Flight 447, en route from Rio de Janeiro, Brazil, to Paris, crashes into the Atlantic Ocean, killing all 228 on board."
56,2009,June,"The outbreak of the H1N1 influenza strain, commonly referred to as ""swine flu"", is deemed a global pandemic."
57,2009,June,"Mass protests erupt across Iran following a disputed presidential election in which Mahmoud Ahmadinejad was reelected president, the largest demonstrations in the country since the Iranian Revolution."
58,2009,June,"NASA launches the Lunar Reconnaissance Orbiter / LCROSS probes to the Moon, the first American lunar mission since Lunar Prospector in 1998."
59,2009,June,"The Military of Honduras ousts Honduran President Manuel Zelaya in a coup d'état, which is condemned worldwide."
60,2009,June,"Yemenia Flight 626 crashes off the coast of Moroni, Comoros, killing all but one of the 153 passengers and crew."
61,2009,July,"Caspian Airlines Flight 7908 crashes near Qazvin, Iran, killing all 168 on board."
62,2009,July,"Iceland's national parliament, the Althingi, votes to pursue joining the EU."
63,2009,July,"The longest total solar eclipse of the 21st century, lasting up to 6 minutes and 38.8 seconds, occurs over parts of Asia and the Pacific Ocean."
64,2009,July,"The Islamic extremist group Boko Haram initiates an uprising in Bauchi State, Nigeria and quickly spreads throughout the northern part of the country."
65,2009,August,Bolivia becomes the first South American country to declare the right of indigenous people to govern themselves.
66,2009,August,"Typhoon Morakot hits Taiwan, killing 500 and stranding more than 1,000 via the worst flooding on the island in half a century."
67,2009,August,The United Kingdom imposes direct rule on the Turks and Caicos Islands after an inquiry that found evidence of government corruption.
68,2009,September,At least 157 demonstrators are massacred by the Guinean military at the Stade du 28 Septembre during a protest against the government that came to power in a coup d'état the previous year.
69,2009,September,"A 7.6 Mw earthquake strikes Sumatra, Indonesia with a maximum Mercalli intensity of VIII (Severe), leaving at least 1,110 people dead."
70,2009,October,"Paleontologists announce the discovery of an Ardipithecus ramidus fossil skeleton, deeming it the oldest remains of a human ancestor yet found."
71,2009,October,"Two suicide attacks in Baghdad, Iraq, kill 155 people and injure at least 721 people."
72,2009,November,"Having analyzed the data from the LCROSS lunar impact, NASA announces that it has found a ""significant"" quantity of water in the Moon's Cabeus crater."
73,2009,November,"CERN restarts the Large Hadron Collider particle accelerator in Geneva, Switzerland; they had shut it down on September 19, 2008."
74,2009,November,"In the Philippines, at least 58 people are abducted and killed in the province of Maguindanao, in what the Committee to Protect Journalists called the single deadliest attack on journalists in history."
75,2009,December,The Treaty of Lisbon comes into force.
76,2009,December,"A series of attacks in Baghdad, Iraq kill at least 127 people and injure at least 448 more."
77,2009,December,"Astronomers discover GJ 1214 b, the first-known exoplanet on which water could exist."
78,2010,January,"The tallest man-made structure to date, the Burj Khalifa in Dubai, United Arab Emirates, is officially opened."
79,2010,January,"The Togo national football team is involved in an attack in Cabinda Province, Angola, and as a result withdraws from the Africa Cup of Nations. The attack was perpetrated by the FLEC, their first since the Angolan Civil War."
80,2010,January,"A 7.0-magnitude earthquake occurs in Haiti, devastating the nation's capital, Port-au-Prince. With a confirmed death toll over 316,000, it is the tenth deadliest on record."
81,2010,January,Yemen declares an open war against the terrorist group al-Qaeda.
82,2010,January,"Ethiopian Airlines Flight 409 crashes into the Mediterranean shortly after take-off from Beirut–Rafic Hariri International Airport, killing all 90 people on board."
83,2010,February,"The sculpture L'Homme qui marche I by Alberto Giacometti sells in London for £65 million (US$103.7 million), setting a new world record for a work of art sold at auction."
84,2010,February,"The President of Niger, Mamadou Tandja, is overthrown after a group of soldiers storms the presidential palace and form a ruling junta, the Supreme Council for the Restoration of Democracy headed by chef d'escadron Salou Djibo."
85,2010,February,"An 8.8-magnitude earthquake occurs in Chile, triggering a tsunami over the Pacific and killing at least 525. The earthquake is one of the largest in recorded history."
86,2010,March,"The Kasubi Tombs, Uganda's only cultural World Heritage Site, are destroyed by fire."
87,2010,March,"The ROKS Cheonan, a South Korean Navy ship carrying 104 personnel, sinks off the country's west coast, killing 46. In May, an independent investigation blames North Korea, which denies the allegations."
88,2010,April,"Kyrgyz President Kurmanbek Bakiyev flees the country amid fierce anti-government riots in the capital, Bishkek."
89,2010,April,"The President of Poland, Lech Kaczyński, is among 96 killed when their airplane crashes near Smolensk, Russia."
90,2010,April,"Volcanic ash from one of several eruptions beneath Mount Eyjafjallajökull, an ice cap in Iceland, begins to disrupt air traffic across northern and western Europe."
91,2010,April,"The Deepwater Horizon oil drilling platform explodes in the Gulf of Mexico, killing 11 workers. The resulting Horizon oil spill, one of the largest in history, spreads for several months, damaging the waters and the United States coastline, and prompting international debate and doubt about the practice and procedures of offshore drilling."
92,2010,April,"Standard & Poor's downgrades Greece's sovereign credit rating to junk 4 days after the activation of a €45-billion EU–IMF bailout, triggering the decline of stock markets worldwide and of the euro's value, and furthering a European sovereign debt crisis."
93,2010,May,The eurozone and the International Monetary Fund agree to a €110 billion bailout package for Greece. The package involves sharp Greek austerity measures.
94,2010,May,"Nude, Green Leaves and Bust by Pablo Picasso sells in New York for US$106.5 million, setting another new world record for a work of art sold at auction."
95,2010,May,"The 2010 Flash Crash, a trillion-dollar stock market crash, occurs over 36 minutes, initiated by a series of automated trading programs in a feedback loop."
96,2010,May,"Afriqiyah Airways Flight 771 crashes at runway at Tripoli International Airport in Libya, killing 103 of the 104 people on board."
97,2010,May,"Protests in Bangkok, Thailand, end with a bloody military crackdown, killing 91 and injuring more than 2,100."
98,2010,May,"Air India Express Flight 812 overshoots the runway at Mangalore International Airport in India, killing 158 and leaving 8 survivors."
99,2010,May,"the 2010 Ahmadiyya mosques massacre in Lahore, Punjab, Pakistan, killed 94 people during Friday prayers at two mosques."
100,2010,May,Nine activists are killed in a clash with soldiers when Israeli Navy forces raid and capture a flotilla of ships attempting to break the Gaza blockade.
101,2010,June,"July 11 – The 2010 FIFA World Cup is held in South Africa, and is won by Spain."
102,2010,July,"The 2010 FIFA World Cup is held in South Africa, and is won by Spain."
103,2010,July,The first 24-hour flight by a solar-powered plane is completed by the Solar Impulse.
104,2010,July,Slovenia becomes the 32nd member of the OECD.
105,2010,July,"WikiLeaks, an online publisher of anonymous, covert, and classified material, leaks to the public over 90,000 internal reports about the United States-led involvement in the War in Afghanistan from 2004 to 2010."
106,2010,July,"Heavy monsoon rains begin to cause widespread flooding in the Khyber Pakhtunkhwa province of Pakistan. Over 1,600 are killed, and more than one million are displaced by the floods."
107,2010,August,"The World Health Organization declares the H1N1 influenza pandemic over, saying worldwide flu activity has returned to typical seasonal patterns."
108,2010,September,"A 7.1 magnitude earthquake rocks Christchurch, New Zealand causing large amounts of damage but no direct fatalities. It is the first in a series of earthquakes between 2010 and 2012 that resulted in the deaths of 187 people and over $40 billion worth of damage. Seismologists noted that the earthquake sequence was highly unusual, and likely to never happen again anywhere else in the world."
109,2010,September,Israel becomes the 33rd member of the OECD.
110,2010,September,Germany pays war reparations for World War I.
111,2010,October,"The Netherlands Antilles are dissolved, with the islands being split up and given a new constitutional status."
112,2010,October,"The International Space Station surpasses the record for the longest continuous human occupation of space, having been continuously inhabited since November 2, 2000 (3641 days)."
113,2010,October,"In preparation for the Seoul summit, finance ministers of the G-20 agree to reform the International Monetary Fund and shift 6% of the voting shares to developing nations and countries with emerging markets."
114,2010,October,"An earthquake and consequent tsunami off the coast of Sumatra, Indonesia, kills over 400 people and leaves hundreds missing."
115,2010,October,"Repeated eruptions of Mount Merapi volcano in Central Java, Indonesia, and accompanying pyroclastic flows of scalding gas, pumice, and volcanic ash descending the erupting volcano kill 300 people and force hundreds of thousands of residents to evacuate."
116,2010,November,"Aero Caribbean Flight 883 crashes in central Cuba, killing all 68 people on board."
117,2010,November,Burmese opposition politician Aung San Suu Kyi is released from her house arrest after being incarcerated since 1989.
118,2010,November,"Researchers at CERN trap 38 antihydrogen atoms for a sixth of a second, marking the first time in history that humans have trapped antimatter."
119,2010,November,Participants of the 2010 NATO Lisbon summit issue the Lisbon Summit Declaration.
120,2010,November,Eurozone countries agree to a rescue package for the Republic of Ireland from the European Financial Stability Facility in response to the country's financial crisis.
121,2010,November,"North Korea shells Yeonpyeong Island, prompting a military response by South Korea. The incident causes an escalation of tension on the Korean Peninsula and prompts widespread international condemnation. The United Nations declares it to be one of the most serious incidents since the end of the Korean War."
122,2010,November,"WikiLeaks releases a collection of more than 250,000 American diplomatic cables, including 100,000 marked ""secret"" or ""confidential""."
123,2010,November,"The European Union agree to an €85 billion rescue deal for Ireland from the European Financial Stability Facility, the International Monetary Fund and bilateral loans from the United Kingdom, Denmark and Sweden."
124,2010,November,"December 10 – The 2010 United Nations Climate Change Conference is held in Cancún, Mexico. Also referred to as the 16th Conference of the Parties of the United Nations Framework Convention on Climate Change (COP 16), it serves too as the 6th meeting of the Parties to the Kyoto Protocol (CMP 6)."
125,2010,December,"The 2010 United Nations Climate Change Conference is held in Cancún, Mexico. Also referred to as the 16th Conference of the Parties of the United Nations Framework Convention on Climate Change (COP 16), it serves too as the 6th meeting of the Parties to the Kyoto Protocol (CMP 6)."
126,2010,December,Estonia becomes the 34th member of the OECD.
127,2010,December,"The attempted suicide of Mohamed Bouazizi, a street vendor in Tunisia, triggers the Tunisian Revolution and the wider Arab Spring throughout the Arab world."
128,2010,December,The first total lunar eclipse to occur on the day of the Northern winter solstice and Southern summer solstice since 1638 takes place.
129,2011,January,"Tunisian street vendor Mohamed Bouazizi dies after setting himself on fire a month earlier, sparking anti-government protests in Tunisia and later other Arab nations. These protests become known collectively as the Arab Spring."
130,2011,January,"Iran Air Flight 277 crashes near Orumiyeh in the northeast of the country, killing 77 people."
131,2011,January,The Tunisian government falls after a month of increasingly violent protests; President Zine El Abidine Ben Ali flees to Saudi Arabia after 23 years in power.
132,2011,January,"37 people are killed and more than 180 others wounded in a bombing at Domodedovo International Airport in Moscow, Russia."
133,2011,February,"Egyptian President Hosni Mubarak resigns after widespread protests calling for his departure, leaving control of Egypt in the hands of the military until a general election can be held."
134,2011,February,"March 14 – Uncertainty over Libyan oil output causes crude oil prices to rise 20% over a two-week period following the Arab Spring, causing the 2011 energy crisis."
135,2011,March,"Uncertainty over Libyan oil output causes crude oil prices to rise 20% over a two-week period following the Arab Spring, causing the 2011 energy crisis."
136,2011,March,"A 9.0-magnitude earthquake and subsequent tsunami hit the east of Japan, killing 15,840 and leaving another 3,926 missing. Tsunami warnings are issued in 50 countries and territories. Emergencies are declared at four nuclear power plants affected by the quake."
137,2011,March,The United Nations Security Council votes 10–0 to create a no-fly zone over Libya in response to allegations of government aggression against civilians.
138,2011,March,"In light of continuing attacks on Libyan rebels by forces in support of leader Muammar Gaddafi, military intervention authorized under UNSCR 1973 begins as French fighter jets make reconnaissance flights over Libya."
139,2011,April,"Former Ivorian President Laurent Gbagbo is arrested in his home in Abidjan by supporters of elected President Alassane Ouattara, with support from French forces; this effectively ends the 2010–11 Ivorian crisis and civil war."
140,2011,April,"An estimated two billion people watch the wedding of Prince William, Duke of Cambridge and Catherine Middleton at Westminster Abbey in London."
141,2011,May,"U.S. President Barack Obama announces that Osama bin Laden, the founder and leader of the militant group Al-Qaeda, was killed on May 2, 2011 (Pakistani time, UTC+6) during an American military operation in Pakistan."
142,2011,May,"The European Union agrees to a €78 billion rescue deal for Portugal. The bailout loan will be equally split between the European Financial Stabilisation Mechanism, the European Financial Stability Facility, and the International Monetary Fund."
143,2011,May,"Grímsvötn, Iceland's most active volcano, erupted and caused disruption to air travel in Northwestern Europe."
144,2011,May,"Former Bosnian Serb Army commander Ratko Mladić, wanted for genocide, war crimes and crimes against humanity, is arrested in Serbia."
145,2011,June,"Chile's Puyehue volcano erupts, causing air traffic cancellations across South America, New Zealand, Australia and forcing over 3,000 people to evacuate."
146,2011,June,Food and Agriculture Organization announces the eradication of the cattle plague rinderpest from the world.
147,2011,July,"South Sudan secedes from Sudan, per the result of the independence referendum held in January."
148,2011,July,The planet Neptune completes its first orbit since it was discovered in 1846.
149,2011,July,South Sudan joins the United Nations as the 193rd member.
150,2011,July,"Space Shuttle Atlantis lands successfully at Kennedy Space Center after completing STS-135, concluding NASA's Space Shuttle program."
151,2011,July,"In Thailand over 12.8 million people are affected by severe flooding. The World Bank estimates damages at 1,440 billion baht (US$45 billion). Some areas are still six feet under water, and many factory areas remained closed at the end of the year. 815 people are killed, with 58 of the country's 77 provinces affected."
152,2011,August,Stock exchanges worldwide suffer heavy losses due to the fears of contagion of the European sovereign debt crisis and the credit rating downgraded as a result of the debt-ceiling crisis of the United States.
153,2011,September,India and Bangladesh sign a pact to end their 40-year border demarcation dispute.
154,2011,September,"The MV Spice Islander I, carrying at least 800 people, sinks off the coast of Zanzibar, killing 240 people."
155,2011,September,Approximately 100 people die after a petrol pipeline explodes in Nairobi.
156,2011,September,Occupy Wall Street protests begin in the United States. This develops into the Occupy movement which spreads to 82 countries by October.
157,2011,September,"With 434 dead, the United Nations launches a $357 million appeal for victims of the 2011 Sindh floods in Pakistan."
158,2011,October,The death toll from the flooding of Cambodia's Mekong river and attendant flash floods reaches 207.
159,2011,October,"Israel and the Palestinian militant organization Hamas begin a major prisoner swap, in which the captured Israeli Army soldier Gilad Shalit is released by Hamas in exchange for 1,027 Palestinian and Israeli-Arab prisoners held in Israel, including 280 prisoners serving life sentences for planning and perpetrating terror attacks."
160,2011,October,"A magnitude 7.2 Mw earthquake jolts eastern Turkey near the city of Van, killing over 600 people, and damaging about 2,200 buildings."
161,2011,October,"After an emergency meeting in Brussels, the European Union announces an agreement to tackle the European sovereign debt crisis which includes a writedown of 50% of Greek bonds, a recapitalisation of European banks and an increase of the bailout fund of the European Financial Stability Facility totaling to €1 trillion."
162,2011,November,"The Mars Science Laboratory rover Curiosity, the most elaborate Martian exploration vehicle to date, is launched from the Kennedy Space Center. It lands on Mars on August 6, 2012."
163,2011,December,"The United States formally declares an end to the Iraq War. While this ends the insurgency, it begins another."
164,2011,December,"Tropical Storm Washi causes 1,268 flash flood fatalities in the Philippines, with 85 people officially listed as missing."
165,2011,December,"Samoa and Tokelau move from east to west of the International Date Line, thereby skipping December 30, in order to align their time zones better with their main trading partners."
166,2012,January,"A hot air balloon crashes near Carterton, New Zealand, killing all 11 people on board."
167,2012,January,The Costa Concordia cruise ship wrecks off the western coast of Italy.
168,2012,January,"A bombing in Khyber Agency, Pakistan, kills at least 30 people and 78 others injured."
169,2012,January,"Violent protests occur in Bucharest, Romania, as two-day-old demonstrations continue against President Traian Băsescu's economic austerity measures. Clashes are reported in numerous Romanian cities between protesters and law enforcement officers."
170,2012,January,The passenger cruise ship Costa Concordia sinks off the coast of Italy due to the captain Francesco Schettino's negligence and irresponsibility. There are 32 confirmed deaths.
171,2012,January,The Hong Kong-based file-sharing website Megaupload is shut down by the FBI.
172,2012,January,Iran–European Union relations: The European Union adopts an embargo against Iran in protest of its continued effort to enrich uranium.
173,2012,February,"The Diamond Jubilee of Queen Elizabeth II marks the 60th anniversary of her accession to the thrones of the United Kingdom, Canada, Australia, and New Zealand, and the 60th anniversary of her becoming Head of the Commonwealth."
174,2012,February,"Iran suspends oil exports to Britain and France, following sanctions put in place by the European Union and the United States in January."
175,2012,February,"Greek government-debt crisis: Eurozone finance ministers reach an agreement on a second, €130-billion Greek bailout."
176,2012,March,"After 246 years since its first publication, the Encyclopædia Britannica discontinues its print edition."
177,2012,March,"The President of Mali, Amadou Toumani Touré, is ousted in a coup d'état after mutinous soldiers attack government offices."
178,2012,April,The National Movement for the Liberation of Azawad unilaterally declares the independence of Azawad from Mali.
179,2012,April,"Mutinous soldiers in Guinea-Bissau stage a coup d'état and take control of the capital city, Bissau. They arrest interim President Raimundo Pereira and leading presidential candidate Carlos Gomes Júnior in the midst of a presidential election campaign."
180,2012,April,"Kwangmyŏngsŏng-3, a North Korean Earth observation satellite, explodes shortly after launch. The United States and other countries had called the impending launch a violation of United Nations Security Council demands. The launch was planned to mark the centenary of the birth of Kim Il-sung, the founder of the republic."
181,2012,April,Former Liberian President Charles Taylor is found guilty on 11 counts of aiding and abetting war crimes and crimes against humanity during the Sierra Leone Civil War.
182,2012,May,"A pastel version of The Scream, by the Norwegian painter Edvard Munch, sells for US$120 million in a New York City auction, setting a new world record for an auctioned work of art."
183,2012,May,"August 12 – The 2012 World Expo takes place in Yeosu, South Korea."
184,2012,May,"Tokyo Skytree, the tallest self-supporting tower in the world at 634 metres high, is opened to the public."
185,2012,June,"Shenzhou 9, a Chinese spacecraft carrying three Chinese astronauts, including the first-ever female, docks manually with orbiting module Tiangong-1, making them the third country, after the United States and Russia, to successfully perform the mission."
186,2012,June,"Lonesome George, the last known individual of the Pinta Island tortoise subspecies, dies in Galápagos National Park, thus making the subspecies extinct."
187,2012,July,CERN announces the discovery of a new particle with properties consistent with the Higgs boson after experiments at the Large Hadron Collider.
188,2012,July,"2012 Aurora shooting: Twelve people die and 58 are injured in a mass shooting at a movie theater in Aurora, Colorado. The shooter, James Holmes, opens fire on a crowd during a screening of The Dark Knight Rises. He is found behind the theater claiming to be ""The Joker""."
189,2012,July,"August 12 – The 2012 Summer Olympics are held in London, England, United Kingdom."
190,2012,August,"The 2012 World Expo takes place in Yeosu, South Korea."
191,2012,August,"The 2012 Summer Olympics are held in London, England, United Kingdom."
192,2012,August,"Curiosity, the Mars Science Laboratory mission's rover, successfully lands on Mars."
193,2012,August,"Armenia severs diplomatic relations with Hungary, following the extradition to Azerbaijan and subsequent pardoning of Ramil Safarov, who was convicted of killing an Armenian soldier in Hungary in 2004. The move is also met with fierce criticism from other countries."
194,2012,September,"Canada officially cuts diplomatic ties with Iran by closing its embassy in Tehran, and orders the expulsion of Iranian diplomats from Ottawa, over support for Syria, nuclear plans and human rights abuses."
195,2012,October,"Austrian skydiver Felix Baumgartner becomes the first person to break the sound barrier without any machine assistance during a record space dive out of the Red Bull Stratos helium-filled balloon from 24 miles (39 kilometers) over Roswell, New Mexico in the United States."
196,2012,October,"Seven paintings worth $25 million are stolen from the Kunsthal in Rotterdam, the Netherlands."
197,2012,November,A total solar eclipse occurred in parts of Australia and the South Pacific.
198,2012,November,"December 9 – Typhoon Bopha, known as ""Pablo"" in the Philippines, kills at least 1,067 with around 838 people still missing. The typhoon causes considerable damage in the island of Mindanao."
199,2012,November,The UN General Assembly approves a motion granting Palestine non-member observer state status.
200,2012,December,"Typhoon Bopha, known as ""Pablo"" in the Philippines, kills at least 1,067 with around 838 people still missing. The typhoon causes considerable damage in the island of Mindanao."
201,2012,December,"In Qatar, the UN Climate Change Conference agrees to extend the Kyoto Protocol until 2020."
202,2012,December,"Sandy Hook Elementary School shooting: Twenty-eight people, including the gunman, are killed in Sandy Hook, Connecticut."
203,2012,December,Park Geun-hye is elected the first female president of South Korea.
204,2013,January,More than 100 people are killed and 270 injured in several bomb blasts in Pakistan.
205,2013,January,"The French military begins a five-month intervention into the Northern Mali conflict, targeting the militant Islamist Ansar Dine group."
206,2013,February,"North Korea conducts its third underground nuclear test, prompting widespread condemnation and tightened economic sanctions from the international community."
207,2013,February,"A meteor explodes over the Russian city of Chelyabinsk, injuring 1,489-1,492 people and damaging over 4,300 buildings. It is the most powerful meteor to strike Earth's atmosphere in over a century. The incident, along with a coincidental flyby of a larger asteroid, prompts international concern regarding the vulnerability of the planet to meteor strikes."
208,2013,February,"American scientists use a 3D printer to create a living lab-grown ear from collagen and animal ear cell cultures. In the future, it is hoped that similar ears could be grown to order as transplants for human patients suffering from ear trauma or amputation."
209,2013,February,"Benedict XVI resigns as pope, becoming the first to do so since Gregory XII in 1415, and the first to do so voluntarily since Celestine V in 1294."
210,2013,March,"Cardinal Jorge Mario Bergoglio of Argentina is elected the 266th pope, whereupon he takes the name Francis and becomes the first Jesuit pope, the first pope from the Americas, and the first pope from the Southern Hemisphere."
211,2013,March,"Central African Republic President François Bozizé flees to the Democratic Republic of the Congo, after rebel forces capture the nation's capital, Bangui."
212,2013,March,"The European Union agrees to a €10 billion economic bailout for Cyprus. The bailout loan will be equally split between the European Financial Stabilisation Mechanism, the European Financial Stability Facility, and the International Monetary Fund. The deal precipitates a banking crisis in the island nation."
213,2013,March,Canada becomes the first country to withdraw from the United Nations Convention to Combat Desertification.
214,2013,April,The United Nations General Assembly adopts the Arms Trade Treaty to regulate the international trade of conventional weapons.
215,2013,April,"Two Chechen Islamist brothers explode two bombs at the Boston Marathon in Boston, Massachusetts, in the United States, killing 3 and injuring 264 others."
216,2013,April,Willem-Alexander is inaugurated as King of the Netherlands following the abdication of Beatrix.
217,2013,May,"In a study published in the scientific journal Nature, researchers from Oregon Health & Science University in the United States describe the first production of human embryonic stem cells by cloning."
218,2013,May,"British Army soldier Fusilier Lee Rigby of the Royal Regiment of Fusiliers is murdered in Woolwich, southeast London by Michael Adebolajo and Michael Adebowale."
219,2013,June,"Former CIA employee Edward Snowden discloses operations engaged in by a U.S. government mass surveillance program to news publications and flees the country, later being granted temporary asylum in Russia."
220,2013,July,Croatia becomes the 28th member of the European Union.
221,2013,July,"Amid mass protests across Egypt, President Mohamed Morsi is deposed in a military coup d'état, leading to widespread violence."
222,2013,August,"Following the military coup in Egypt, two anti-coup camps are raided by the security forces leaving 2,600 dead. The raids were described by Human Rights Watch as ""one of the world’s largest killings of demonstrators in a single day in recent history”."
223,2013,August,"1,429 are killed in the Ghouta chemical attack during the Syrian Civil War."
224,2013,August,The United Kingdom Parliament votes against UK military attacks on Syria.
225,2013,September,The International Olympic Committee awards Tokyo the right to host the 2020 Summer Olympics.
226,2013,September,"al-Shabaab Islamic militants attack the Westgate shopping mall in Nairobi, Kenya, killing at least 62 civilians and wounding over 170."
227,2013,October,"Delegates from some 140 countries and territories sign the Minamata Treaty, a UNEP treaty designed to protect human health and the environment from emissions and releases of mercury and mercury compounds."
228,2013,October,"Saudi Arabia rejects a seat on the United Nations Security Council, making it the first country to reject a seat on the Security Council. Jordan takes the seat on December 6."
229,2013,November,The Mars Orbiter Mission is launched by India from its launchpad in Sriharikota.
230,2013,November,"Typhoon Haiyan (Yolanda), one of the strongest tropical cyclones on record, hits the Philippines and Vietnam, causing devastation with at least 6,241 dead."
231,2013,November,"Three Studies of Lucian Freud, a series of portraits of Lucian Freud by the British painter Francis Bacon, sells for US$142.4 million in a New York City auction, setting a world record for an auctioned work of art."
232,2013,November,"Fifty people are killed when Tatarstan Airlines Flight 363 crashes at Kazan Airport, Russia."
233,2013,November,Euromaidan pro-EU demonstrations begin in Ukraine after President Viktor Yanukovych rejects an economic association agreement between the European Union and Ukraine in favor of closer ties to Russia.
234,2013,November,Iran agrees to limit their nuclear development program in exchange for sanctions relief.
235,2013,December,Ninth Ministerial Conference of the World Trade Organization delegates sign the Bali Package agreement aimed at loosening global trade barriers.
236,2013,December,"Chinese spacecraft Chang'e 3, carrying the Yutu rover, becomes the first spacecraft to ""soft""-land on the Moon since 1976 and the third ever robotic rover to do so."
237,2013,December,"Fighting between ethnic Dinka and Nuer members of the presidential guard break out in Juba, South Sudan, plunging the country into civil war."
238,2014,January,Latvia officially adopts the euro as its currency and becomes the 18th member of the Eurozone.
239,2014,January,A launch of the communication satellite GSAT-14 aboard the GSLV Mk.II D5 marks the first successful flight of an Indian cryogenic rocket engine.
240,2014,January,2014 Bannu bombing: A Taliban vehicle bomb attack on a Pakistani military convoy in the city of Bannu kills at least 26 soldiers and injures 38 others.
241,2014,February,"The Ebola virus epidemic in West Africa begins, infecting at least 28,616 people and killing at least 11,310 people, the most severe both in terms of numbers of infections and casualties."
242,2014,February,Belgium becomes the first country in the world to legalise euthanasia for terminally ill patients of any age.
243,2014,February,"2014 Ukrainian revolution: The Verkhovna Rada (Ukrainian parliament) votes to remove President Viktor Yanukovych from office, replacing him with Oleksandr Turchynov, after days of civil unrest leaving around 100 people dead in Kiev."
244,2014,March,"Nicolás Maduro, the President of Venezuela, severs diplomatic and political ties with Panama, accusing Panama of being involved in a conspiracy against the Venezuelan government."
245,2014,March,"Malaysia Airlines Flight 370, a Boeing 777 airliner en route to Beijing from Kuala Lumpur, disappears over the Gulf of Thailand with 239 people on board. The aircraft is presumed to have crashed into the Indian Ocean."
246,2014,March,"Crimean status referendum, 2014: A referendum on the status of the Crimean Peninsula is held."
247,2014,March,Russia formally annexes Crimea after President Vladimir Putin signs a bill finalizing the process.
248,2014,March,"During an emergency meeting, the United Kingdom, the United States, Italy, Germany, France, Japan, and Canada temporarily suspend Russia from the G8."
249,2014,March,"The United Nations General Assembly passes Resolution 68/262, recognizing Crimea within Ukraine’s international borders and rejecting the validity of the 2014 Crimean referendum."
250,2014,March,The United Nations International Court of Justice rules that Japan's Antarctic whaling program is not scientific but commercial and forbids grants of further permits.
251,2014,April,The Donetsk People's Republic unilaterally declares its independence from Ukraine.
252,2014,April,"In response to the 2014 Crimean crisis, the Parliamentary Assembly of the Council of Europe (PACE) passes a resolution to temporarily strip Russia of its voting rights; its rights to be represented in the Bureau of the Assembly, the PACE Presidential Committee, and the PACE Standing Committee; and its right to participate in election-observation missions."
253,2014,April,An estimated 276 girls and women are abducted and held hostage from a school in Nigeria.
254,2014,April,"Korean ferry MV Sewol capsizes and sinks after an unmanageable cargo shift, killing 304 people, mostly high school students."
255,2014,April,The Catholic Church simultaneously canonizes Popes John XXIII and John Paul II.
256,2014,April,"United States President Barack Obama's new economic sanctions against Russia go into effect, targeting companies and individuals close to Russian President Vladimir Putin."
257,2014,May,The Luhansk People's Republic unilaterally declares its independence from Ukraine
258,2014,June,"A Sunni militant group called the Islamic State of Iraq and the Levant (also known as the ISIS or ISIL) begins an offensive through northern Iraq, aiming to capture the Iraqi capital city of Baghdad and overthrow the Shiite government led by Prime Minister Nouri al-Maliki."
259,2014,June,"July 13 – The 2014 FIFA World Cup is held in Brazil, and is won by Germany."
260,2014,June,The military intervention against ISIL begins.
261,2014,June,The Islamic State of Iraq and the Levant declares itself a caliphate.
262,2014,July,"The 2014 FIFA World Cup is held in Brazil, and is won by Germany."
263,2014,July,"August 26 – Amid growing tensions between Israel and Hamas following the kidnapping and murder of three Israeli teenagers in June and the revenge killing of a Palestinian teenager in July, Israel launches Operation Protective Edge against Hamas-controlled Gaza Strip starting with numerous missile strikes, followed by a ground offensive a week later. In seven weeks of fighting, 2,100 Palestinians and 71 Israelis are killed."
264,2014,July,"Malaysia Airlines Flight 17, a Boeing 777, crashes in eastern Ukraine after being shot down by a missile. All 298 people on board are killed."
265,2014,July,The United Nations Security Council adopts Resolution 2166 in response to the shootdown of Malaysia Airlines Flight 17.
266,2014,July,"Air Algérie Flight 5017 crashes in Mali, killing all 116 people on board."
267,2014,August,"Amid growing tensions between Israel and Hamas following the kidnapping and murder of three Israeli teenagers in June and the revenge killing of a Palestinian teenager in July, Israel launches Operation Protective Edge against Hamas-controlled Gaza Strip starting with numerous missile strikes, followed by a ground offensive a week later. In seven weeks of fighting, 2,100 Palestinians and 71 Israelis are killed."
268,2014,August,Khmer Rouge leaders Nuon Chea and Khieu Samphan are found guilty of crimes against humanity and are sentenced to life imprisonment by the Khmer Rouge Tribunal.
269,2014,August,The United States military begins an air campaign in northern Iraq to stem the influx of ISIL militants.
270,2014,August,"The shooting of Michael Brown occurs in Ferguson, Missouri."
271,2014,September,"Scotland holds a referendum on whether to leave the United Kingdom, and a majority votes to remain part of the union."
272,2014,September,The United States and several Arab partners begin their airstrike campaign in Syria.
273,2014,September,"The 2014 World Summit of Nobel Peace Laureates, to be held in Cape Town from 13 to 15 October, is suspended after a boycott of Nobel Laureates to protest the third time refusal of a visa to the 14th Dalai Lama by a South African Government ""kowtowing to China""."
274,2014,September,Hong Kong protests: Benny Tai Yiu-ting announces that Occupy Central is launched as Hong Kong's government headquarters is being occupied by thousands of protesters. Hong Kong police resort to tear gas to disperse protesters but thousands remain.
275,2014,October,The Roman Catholic Church beatifies Pope Paul VI.
276,2014,October,Longtime Burkina Faso President Blaise Compaoré resigns after widespread protests in response to his attempts to abolish presidential term limits.
277,2014,November,"The Intergovernmental Panel on Climate Change (IPCC) releases the final part of its Fifth Assessment Report, warning that the world faces ""severe, pervasive and irreversible"" damage from global emissions of CO2."
278,2014,November,"The Rosetta spacecraft's Philae probe successfully lands on Comet 67P, the first time in history that a spacecraft has landed on such an object."
279,2014,December,"The Japanese space agency, JAXA, launches the space explorer Hayabusa 2 from the Tanegashima Space Center on a six-year round trip mission to an asteroid to collect rock samples."
280,2014,December,"The Pakistani Taliban carry out a mass shooting at an army school in Peshawar, Pakistan, killing at least 145 people, mostly schoolchildren."
281,2014,December,U.S. President Barack Obama announces the resumption of normal relations between the U.S. and Cuba.
282,2014,December,"Indonesia AirAsia Flight 8501 from Surabaya, Indonesia to Singapore crashes into the Java Sea just southwest of Borneo, killing all 162 people on board."
283,2015,January,"Two gunmen belonging to Al-Qaeda's Yemen branch kill 12 people and injure 11 more at the Paris headquarters of satirical newspaper Charlie Hebdo, prompting an anti-terrorism demonstration attended by over a million people and more than 40 world leaders."
284,2015,January,"Government raids kill 143 Boko Haram fighters in Kolofata, Cameroon."
285,2015,January,"The Swiss National Bank abandons the cap on the franc's value relative to the euro, causing turmoil in international financial markets."
286,2015,January,"After Houthi forces seize the presidential palace, Yemeni President Abd Rabbuh Mansur Hadi resigns after months of unrest."
287,2015,January,"January 2015 North American Blizzard, a powerful nor'easter that affected Canada and the Central and Eastern United States, and eventually, parts of Southern Greenland and Western Europe."
288,2015,February,The Egyptian military begins conducting airstrikes against a branch of the Islamic militant group ISIL in Libya in retaliation for the group's beheading of over a dozen Egyptian Christians.
289,2015,March,"NASA's Dawn probe enters orbit around Ceres, becoming the first spacecraft to visit a dwarf planet."
290,2015,March,"The Islamic State of Iraq and the Levant becomes allies with fellow jihadist group Boko Haram, effectively annexing the group."
291,2015,March,"An Airbus A320-211 operated by Germanwings crashes in the French Alps, killing all 150 on board."
292,2015,March,A Saudi Arabia-led coalition of Arab countries starts a military intervention in Yemen in order to uphold the Yemeni government in its fight against the Houthis' southern offensive.
293,2015,April,"148 people are killed, the majority students, in a mass shooting at the Garissa University College in Kenya, perpetrated by the militant terrorist organization Al-Shabaab."
294,2015,April,"A magnitude 7.8 earthquake strikes Nepal and causes 8,857 deaths in Nepal, 130 in India, 27 in China and 4 in Bangladesh with a total of 9,018 deaths."
295,2015,April,The World Health Organization (WHO) declares that rubella has been eradicated from the Americas.
296,2015,May,"A second major earthquake in Nepal, measuring 7.3 on the moment magnitude scale, results in 153 deaths in Nepal, 62 in India, 1 in China and 2 in Bangladesh with a total of 218 deaths."
297,2015,May,"The two constituent republics of Novorossiya, the Donetsk People's Republic and the Luhansk People's Republic, announce the suspension of the Novorossiya project, returning to separate (though internationally unrecognised) states."
298,2015,May,ISIS captures ancient city of Palmyra in Syria.
299,2015,May,"Ireland votes to legalize same-sex marriage, becoming the first country to legalize same-sex marriage by popular vote."
300,2015,June,"FIFA President Sepp Blatter announces his intention to resign amidst an FBI-led corruption investigation, and calls for an extraordinary congress to elect a new president as soon as possible."
301,2015,June,The governments of India and Bangladesh officially ratify their 1974 agreement to exchange enclaves along their border.
302,2015,June,Cuba becomes the first country in the world to eradicate mother-to-child transmission of HIV and syphilis.
303,2015,July,Greek government-debt crisis: Greece becomes the first advanced economy to miss a payment to the International Monetary Fund in the 71-year history of the IMF.
304,2015,July,"Cuba and the United States reestablish full diplomatic relations, ending a 54-year stretch of hostility between the nations."
305,2015,July,Turkey begins a series of airstrikes against PKK and ISIL targets after the 2015 Suruç bombing.
306,2015,August,"Debris found on Réunion Island is confirmed to be that of Malaysian Airlines Flight 370, missing since March 2014."
307,2015,August,"A bombing takes place inside the Erawan Shrine at the Ratchaprasong intersection in Pathum Wan District, Bangkok, Thailand, killing 20 people and injuring 125."
308,2015,September,"Scientists announce the discovery of Homo naledi, a previously unknown species of early human in South Africa."
309,2015,September,"First observation of gravitational waves: Gravitational waves are detected for the first time, by LIGO. This is not announced until February 11, 2016."
310,2015,September,"Automaker Volkswagen is alleged to have been involved in worldwide rigging of diesel emissions tests, affecting an estimated 11 million vehicles globally."
311,2015,September,"A stampede during the Hajj pilgrimage in Mecca kills at least 2,200 people and injures more than 900 others, with more than 650 missing."
312,2015,September,NASA announces that liquid water has been found on Mars.
313,2015,September,Russia begins air strikes against ISIL and anti-government forces in Syria–in support of the Syrian government.
314,2015,October,"Expo 2015 is held in Milan, Italy."
315,2015,October,A United States airstrike on a Médecins Sans Frontières (Doctors Without Borders) hospital in Afghanistan accidentally kills an estimated 20 people.
316,2015,October,"A series of suicide bombings kills at least 100 people at a peace rally in Ankara, Turkey, and injures more than 400 others."
317,2015,October,"Hurricane Patricia becomes the most intense hurricane ever recorded in the Western Hemisphere and the second strongest worldwide, with winds of 215 mph and a pressure of 872 mbar."
318,2015,October,"A magnitude 7.5 earthquake strikes the Hindu Kush region and causes 398 deaths, with 279 in Pakistan, 115 in Afghanistan and 4 in India."
319,2015,October,"Kogalymavia Flight 9268, an Airbus A321 airliner en route to Saint Petersburg from Sharm el-Sheikh, crashes near Al-Hasana in Sinai, killing all 217 passengers and 7 crew members on board."
320,2015,November,"Chinese and Taiwanese presidents, Xi Jinping and Ma Ying-jeou, formally meet for the first time."
321,2015,November,"Two suicide bombers detonated explosives in Bourj el-Barajneh, Beirut, killing 43 people and injuring over 200 others."
322,2015,November,"Multiple terrorist attacks claimed by Islamic State of Iraq and the Levant (ISIL) in Paris, France, result in 130 fatalities."
323,2015,November,Syrian Civil War: Turkey shoots down a Russian fighter jet in the first case of a NATO member destroying a Russian aircraft since the 1950s.
324,2015,November,"The 2015 United Nations Climate Change Conference (COP 21) is held in Paris, attended by leaders from 147 nations."
325,2015,December,"A global climate change pact is agreed at the COP 21 summit, committing all countries to reduce carbon emissions for the first time."
326,2015,December,The Islamic Military Alliance is formed in order to fight terrorism.
327,2015,December,"SpaceX lands a Falcon 9 rocket, the first reusable rocket to successfully enter orbital space and return."
328,2016,January,"Following the fallout caused by the execution of Nimr al-Nimr, Iran ends its diplomatic relations with Saudi Arabia."
329,2016,January,"Joaquín Guzmán, widely regarded as the world's most powerful drug trafficker, is recaptured following his escape from a maximum security prison in Mexico."
330,2016,January,Ten people are killed and 15 wounded in a bombing near the Blue Mosque in Istanbul.
331,2016,January,The World Health Organization announces an outbreak of the Zika virus.
332,2016,February,"North Korea launches Kwangmyŏngsŏng-4 into space, condemned as a long-range ballistic missile test."
333,2016,February,Pope Francis and Patriarch Kirill sign an Ecumenical Declaration in the first such meeting between leaders of the Catholic and Russian Orthodox Churches since their split in 1054.
334,2016,March,The ESA and Roscosmos launch the joint ExoMars Trace Gas Orbiter on a mission to Mars.
335,2016,March,Ex-Bosnian Serb leader Radovan Karadžić is sentenced to 40 years in prison after being found guilty of genocide and crimes against humanity committed during the Bosnian War.
336,2016,April,"Clashes between Armenian and Azerbaijani military in Nagorno-Karabakh kill at least 193 people, which becomes the heaviest breach of the 1994 ceasefire."
337,2016,April,"The International Consortium of Investigative Journalists (ICIJ) and the German newspaper Süddeutsche Zeitung publish a set of 11.5 million confidential documents from the Panamanian corporate Mossack Fonseca that provides detailed information on more than 214,000 offshore companies, including the identities of shareholders and directors including noted personalities and heads of state."
338,2016,May,EgyptAir Flight 804 with 66 people on board crashes into the Mediterranean Sea en route from Paris to Cairo.
339,2016,May,"Former Chadian President Hissène Habré is sentenced to life in prison for crimes against humanity committed during his tenure from 1982 to 1990, the first time an African Union-backed court convicted a former ruler of a country within its jurisdiction."
340,2016,June,"The Gotthard Base Tunnel, the world's longest and deepest railway tunnel, is opened following two decades of construction work."
341,2016,June,The United Kingdom votes in a referendum to leave the European Union.
342,2016,June,"ISIL is suspected to be responsible for attacking Atatürk Airport in Istanbul, killing 45 and injuring around 230."
343,2016,July,Latvia becomes the 35th member of the OECD.
344,2016,July,NASA's Juno spacecraft enters orbit around Jupiter and begins a 20-month survey of the planet.
345,2016,July,"The app Pokémon Go is released on smartphones, breaking numerous records in terms of sales and revenue."
346,2016,July,"The Philippines wins the arbitration case they filed at the Permanent Court of Arbitration regarding the legality of China's ""Nine-Dash Line"" claim over the South China Sea under the United Nations Convention on the Law of the Sea."
347,2016,July,"86 people are killed in a truck attack in Nice, during Bastille Day celebrations."
348,2016,July,The final videocassette recorder is manufactured by the Japanese company Funai.
349,2016,July,Solar Impulse 2 becomes the first solar-powered aircraft to circumnavigate the Earth.
350,2016,August,"The Brazilian Senate votes (61–20) to impeach the President of Brazil Dilma Rousseff. The Vice President of Brazil, Michel Temer, who had assumed the presidential powers and duties as Acting President of Brazil during Rousseff's suspension, takes office for the remainder of her term."
351,2016,September,"The US and China, together responsible for 40% of the world's carbon emissions, both formally joined the Paris global climate agreement."
352,2016,September,"NASA launches OSIRIS-REx, its first asteroid sample return mission. The probe will visit Bennu and is expected to return with samples in 2023."
353,2016,September,"The government of North Korea conducts its fifth and reportedly biggest nuclear test. World leaders condemn the act, with South Korea calling it ""maniacal recklessness""."
354,2016,September,"Two paintings by Vincent Van Gogh with a combined value of $100 million, Seascape at Scheveningen and Congregation Leaving the Reformed Church in Nuenen, are recovered after having been stolen on December 7, 2002 from the Van Gogh Museum in Amsterdam."
355,2016,October,The Maldives announces its decision to withdraw from the Commonwealth of Nations.
356,2016,October,150 nations meet at the United Nations Environment Programme (UNEP) summit in Rwanda and agree to phase out hydrofluorocarbons (HFCs) as an amendment to the Montreal Protocol.
357,2016,November,"The Chicago Cubs win the World Series for the first time since 1908, ending the longest championship drought in American sports history."
358,2016,November,Businessman and television personality Donald Trump is elected the 45th President of the United States as a Republican after running a campaign widely characterized as populist.
359,2016,November,"The Colombian government and the Revolutionary Armed Forces of Colombia—People's Army sign a revised peace deal, bringing an end to the Colombian conflict."
360,2016,December,"Andrei Karlov, the Russian ambassador to Turkey, is assassinated in Ankara."
361,2016,December,"A study finds the VSV-EBOV vaccine against the Ebola virus between 70-100% effective, and thus making it the first proven vaccine against the disease."
362,2016,December,"The United Nations Security Council adopts Resolution 2334 condemning ""Israeli settlements in Palestinian territories occupied since 1967""."
363,2017,January,"Donald Trump is sworn in as the 45th President of the United States. Trump, a Republican New York City businessman, becomes the first person, not a political office holder or a military general, to be elected President of the United States."
364,2017,January,"Millions of people worldwide join the Women's March in response to the inauguration of Donald Trump as President of the United States. 420 marches were reported in the U.S. and 168 in other countries, becoming the largest single-day protest in American history and the largest worldwide protest in recent history."
365,2017,February,North Korea prompts international condemnation by test firing a ballistic missile across the Sea of Japan.
366,2017,March,"The hybrid Nintendo Switch game console is released worldwide to critical acclaim, and later becomes the fastest-selling game console in the United States."
367,2017,March,"The UN warns that the world is facing the biggest humanitarian crisis since World War II, with up to 20 million people at risk of starvation and famine in Yemen, Somalia, South Sudan and Nigeria."
368,2017,March,"March 2017 North American blizzard was a major late-season blizzard that affected the Northeastern United States, New England and Canada, dumping up to 3 feet of snow in the hardest hit areas."
369,2017,March,"The United Kingdom triggers article 50 of the Lisbon Treaty, starting the Brexit Negotiations, the talks for the United Kingdom to leave the European Union."
370,2017,March,SpaceX conducts the world's first reflight of an orbital class rocket.
371,2017,April,"In response to a suspected chemical weapons attack on a rebel-held town, the U.S. military launches 59 Tomahawk cruise missiles at an air base in Syria. Russia describes the strikes as an ""aggression"", adding they significantly damage U.S.–Russia ties."
372,2017,April,"In the 2017 Nangarhar airstrike the U.S. drops the GBU-43/B MOAB, the world's largest non-nuclear weapon, at an ISIL base in Afghanistan."
373,2017,May,"Computers around the world are hit by a large-scale ransomware cyberattack, which goes on to affect at least 150 countries."
374,2017,May,"A terrorist bombing attack at an Ariana Grande concert in Manchester, England kills 22 people and injures over 500."
375,2017,June,"Amidst widespread criticism, the U.S. announces its decision to withdraw from the Paris Climate Agreement in due time."
376,2017,June,"An Islamic terror attack on London Bridge, United Kingdom kills 8 and injures 48."
377,2017,June,"Two terrorist attacks are simultaneously carried out by five terrorists belonging to the Islamic State of Iraq and the Levant (ISIL) against the Iranian Parliament building and the Mausoleum of Ruhollah Khomeini, both in Tehran, Iran, leaving 17 civilians dead and 43 wounded. It becomes the first ISIL attack in Iran."
378,2017,June,"In the midst of Brexit, a snap general election is held in the UK, three years before the next one was due, resulting in a hung parliament, with the Conservative Party, led by Prime Minister Theresa May, losing their majority in Parliament. The Labour Party, led by Jeremy Corbyn, makes gains for the first time since 1997. Days later, the Conservative Party, now lacking a majority, enters a confidence-and-supply deal with the Northern Irish DUP."
379,2017,June,"The 2017 World Expo is opened in Astana, Kazakhstan."
380,2017,June,American student Otto Warmbier returns home in a coma after spending 17 months in a North Korean prison and dies a week later.
381,2017,June,A fire at Grenfell Tower in London kills 71 people.
382,2017,June,Iran's Islamic Revolution Guards Corps (IRGC) fire six surface-to-surface mid-range ballistic missiles from domestic bases targeting ISIL forces in the Syrian Deir ez-Zor Governorate in response to the terrorist attacks in Tehran earlier that month.
383,2017,June,"The Great Mosque of al-Nuri in Mosul, Iraq, is destroyed by the Islamic State of Iraq and the Levant."
384,2017,June,"The World Health Organization estimates that Yemen has over 200,000 cases of cholera."
385,2017,June,"A series of cyberattacks using the Petya malware begins, affecting organizations in Ukraine."
386,2017,July,Russia and China urge North Korea to halt its missile and nuclear programs after it successfully tested its first intercontinental ballistic missile.
387,2017,July,The Treaty on the Prohibition of Nuclear Weapons is voted for by 122 states.
388,2017,July,Iraqi Civil War: Mosul is declared fully liberated from the Islamic State of Iraq and the Levant.
389,2017,August,The UN Security Council unanimously approves fresh sanctions on North Korean trade and investment.
390,2017,August,"The Unite the right rally is held in Charlottesville, Virginia, by a variety of white nationalist and other far-right racist groups; Heather Heyer, a counter-protestor, is killed after being hit by a car."
391,2017,August,The first observation of a collision of two neutron stars (GW170817) is hailed as a breakthrough in multi-messenger astronomy when both gravitational and electromagnetic waves from the event are detected. Data from the event provided confirmatory evidence for the r-process theory of the origin of heavy elements like gold.
392,2017,August,"A total solar eclipse (nicknamed ""The Great American Eclipse"") is visible within a band across the entire contiguous United States of America, passing from the Pacific to the Atlantic coasts."
393,2017,August,"ongoing – A military operation targeting Rohingya Muslims in Myanmar ""seems a textbook example of ethnic cleansing"", according to the United Nations High Commissioner for Human Rights."
394,2017,September,Russian President Vladimir Putin expels 755 diplomats in response to United States sanctions.
395,2017,September,North Korea conducts its sixth and most powerful nuclear test.
396,2017,September,"The International Olympic Committee awards Paris and Los Angeles the right to host the 2024 and 2028 Summer Olympics, respectively."
397,2017,September,"Cassini–Huygens ends its 13-year mission by plunging into Saturn, becoming the first spacecraft to enter the planet's atmosphere."
398,2017,September,"Eleven days after another powerful earthquake, and on the 32nd anniversary of the deadly 1985 Mexico City earthquake, a Mw 7.1 earthquake strikes central Mexico, killing more than 350, leaving up to 6,000 injured and thousands more homeless."
399,2017,September,"Iraqi Kurdistan votes in a referendum to become an independent state, in defiance of Iraq; by October 15, the crisis escalates into a short-lived armed conflict over disputed territories."
400,2017,October,"Fifty-eight people are killed and 851 injured when Stephen Paddock opens fire on a crowd in Las Vegas, surpassing the 2016 Orlando nightclub shooting as the deadliest mass shooting perpetrated by a lone gunman in U.S. history."
401,2017,October,"The United States announces its decision to withdraw from UNESCO, and is immediately followed by Israel."
402,2017,October,"A massive blast caused by a truck bombing in Mogadishu, Somalia kills at least 512 people and injures 316 others."
403,2017,October,Syrian Civil War: Raqqa is declared fully liberated from the Islamic State of Iraq and the Levant.
404,2017,October,"At the 19th National Congress of the Communist Party of China, Xi Jinping assumes his second term as General Secretary (China's paramount leader), and the political theory Xi Jinping Thought is written into the party's constitution."
405,2017,October,"Based on the results of a previously held referendum, Catalonia declares independence from Spain, but the Catalan Republic is not recognised by the Spanish government or any other sovereign nation."
406,2017,November,"A new species of orangutan is identified in Indonesia, becoming the third known species of orangutan as well as the first great ape to be described for almost a century."
407,2017,November,Syrian Civil War: both Deir ez-Zor in Syria and Al-Qa'im in Iraq are declared liberated from ISIL on the same day.
408,2017,November,"The German newspaper Süddeutsche Zeitung publishes 13.4 million documents leaked from the offshore law firm Appleby, along with business registries in 19 tax jurisdictions that reveal offshore financial activities on behalf of politicians, celebrities, corporate giants and business leaders. The newspaper shared the documents with the International Consortium of Investigative Journalists and asked it to lead the investigation."
409,2017,November,"A magnitude 7.3 earthquake strikes the border region between Iraq and Iran leaving at least 530 dead and over 70,000 homeless."
410,2017,November,Nature publishes an article recognising the high velocity asteroid ʻOumuamua as originating from outside the Solar System i.e. the first known interstellar object.
411,2017,November,"The International Court of Justice finds Ratko Mladić guilty of genocide committed in Srebrenica during the 1990s Bosnian War, the worst massacre in Europe since World War II. He is sentenced to life in prison."
412,2017,November,"A mosque attack in Sinai, Egypt kills 305 worshippers and leaves hundreds more wounded."
413,2017,December,"Russia is banned from the 2018 Winter Olympics in Pyeongchang by the International Olympic Committee, following an investigation into state-sponsored doping."
414,2017,December,The United States officially recognises Jerusalem as Israel's capital.
415,2017,December,"The Iraqi military announces that it has ""fully liberated"" all of Iraq's territory from ""ISIS terrorist gangs"" and retaken full control of the Iraqi-Syrian border."
416,2017,December,"The Walt Disney Company announces that it will acquire most of 21st Century Fox, including the 20th Century Fox film studio, for $66 billion."
417,2017,December,"The UN Security Council votes 15–0 in favor of additional sanctions on North Korea, including measures to slash the country's petroleum imports by up to 90%."
418,2017,December,"Guatemala follows in the footsteps of the United States by announcing that they will also move their Israeli embassy to Jerusalem, followed by Honduras and Panama two days later."
419,2018,January,"The Hawaii Emergency Management Agency sends a false alarm warning of an incoming ballistic missile attack, causing panic across the state."
420,2018,January,"Turkey, led by President Recep Tayyip Erdoğan, announces the beginning of a military offensive to capture a portion of northern Syria from Kurdish forces, amidst the ongoing Kurdish–Turkish conflict."
421,2018,January,"Scientists in China report in the journal Cell the creation of the first monkey clones using somatic cell nuclear transfer, named Zhong Zhong and Hua Hua."
422,2018,January,"A total lunar eclipse takes place. The Moon appears as supermoon, with perigee being on January 30. It is also the first blue moon eclipse in 2018, so it was referred to as the super blue blood moon."
423,2018,February,The CDC cuts global prevention by 80 percent due to lack of funding.
424,2018,February,"The Dow Jones share index closes down 4.6%, its biggest drop since the 2008 financial crisis."
425,2018,February,"SpaceX successfully conducts its maiden flight of its most powerful rocket to date, the Falcon Heavy, from LC39A at John F. Kennedy Space Center."
426,2018,February,"Saratov Airlines flight 703, An-148 Ukrainian plane crashes, killing 71 people on board."
427,2018,February,"Iran Aseman Airlines Flight 3704 crashes in the Zagros Mountains, en route from Tehran to Yasuj. All 65 passengers and crew die."
428,2018,May,Launch of NASA's InSight is scheduled. InSight is expected to land on Mars in November and use a drill to conduct geological science.
429,2018,May,Wedding of Prince Harry and Meghan Markle is scheduled to be held at St George's Chapel.
430,2018,June,A constitutional referendum on whether to repeal the ban on abortion in Ireland is expected take place in May or June.
431,2018,June,July 15 – The 2018 FIFA World Cup is scheduled to be held in Russia.
432,2018,June,Saudi Arabia will allow women to drive.
433,2018,July,The 2018 FIFA World Cup is scheduled to be held in Russia.
434,2018,July,Mars will make its closest approach to Earth since 2003.
435,2018,October,Unmanned European-Japanese BepiColombo spacecraft is scheduled to be launched to Mercury.
